Clean,Diffusion
i have already found my treasure,i have already found my treasure
hundreds mistassini and taking it for a falling star,undressed it and taking it for postal
they don't like those articles i've been writing,they don't like those articles i've been writing
the shepherd saw the reward,the shepherd saw the tears
the woman was silent for some time,a woman was silent for some time
the concrete was covered in moss,the concrete recovery mass
at lautulae me there if you can,
what's your name he asked,what's your name he asked
the boy preferred in,a boy reserved in
my teaching is heavy and awkward to carry in my pocket,my chain is having an accurate
you already know all you need to know,he again all the needs
there was satire,there was linen
they went to the kitchen at the back of the monastery,they went to the kitchen at the back of the monastery
i'm just worn in four hundred deputies,i'm just morning four hundred deputies
something inside the cylinder was unscrewing the top,something inside the sewer was unscrewing without
we lit the lantern and walked over to his house,he let with the lantern and walked over to a house
we are a couple of financial resorts,we are a couple of my atlas
he disappeared into the tent,there indeed
the war the remained where it was,the star the remained where it was
he alabama shepherd he had no,the carolina shepherd he to
any minute now we could be assassinated,any minute now we could be assassinated
the man looked at him without responding,the man looked at him with a astounded
at the camp it was difficult to see anything,at the camp it was difficult to see anything
how can he speak spanish he asked,nothing instant
i was disappointed at this inanimate bulk,i was disappointed at this inanimate bulk
there is a dentist and some other doctors inside this clinic,there is a dentist and some other doctors inside this clinic
it seemed he had made the long journey for nothing,it seemed he had made the long journey to nothing
who are you he heard a voice ask him in spanish,the whole levice asking miss pen
it is entered watermains,pianoforte
i deleted five tables from the data base,he came the five tables on the bead bag
there wasn't much impetus to finish actors,the ominica
you best have got a better offer,you bet i got a better offer
i do want to save me,my one to save me
a line of flame high can be seen in the atmosphere,liola high poised
but you don't know about love,but i don't know about what
you knew the history,minute poor
this cataraqui boiling water than the old one,this cataraqui boiling water than the old one
we're going to take over to my private office,we're going to take over my private office
but now i'm sad alone,but now in sad alone
he could sell the stones and be returned to its,the counsel to and be returned to it
she looks kind of bored,she would honor
he looked like an arab which was not usual in those parts,he looked like an arab which was none sonatas
thank you very much for everything,thank you very much for everything
the report was largely scathing,the report was large and so
what would it take to convince you to return my doormat,what would it take to convince you to return my doormat
i went to the grocery store to buy fresh vegetables,i went to the grocery store like fresh vegetables
work hard just to have food and water like the sheep,what a testator like the sheep
he couldn't have been wrong,he couldn't have been wrong
he resided in our father silently,he resided in our falteringly
they're just a pile of stones,the disciple of stones
he took out his money and counted it,it took out his money and pompey
my just above,my estate
and what do you do in salamander,and what do you do in sarkastic
something inside the cylinder was unscrewing the top,something is to something the two
i get you out in ten minutes,we'll get you out in ten minutes
as quick as that,as quick as that
tasso,as one
now i can see that it hasn't been to bed,now i can't see it as it bad
they raised their glasses in the old war,the race that morano by
he took his money from his pouch and showed it to the young man,he took his money from his pouch and showed it to the young man
the boy turned to the hand that will,the boy turned to pain but a tall
of course the two were unable to do anything,of course the two were unable to do anything
every one seemed very excited,every one seemed very excited
the boy felt the sand nearly unconscious,the boy fell to the sand near the unplanted
it seemed he had made the long journey for nothing,it seemed he had made the long gone for nothing
don't ask me why i don't know why,don't ask me why i don't know why
and desisted out with a spade in his hand,and desisted out with the spade in his hand
but one of them sees the boy yanking out of the hole,but one of them sees the boy named and back out of the hole
most meteorites are more or less rounded,most natalie and moreland
his simple and chastise,the simple and she's wise
we let the land in a walk over to his house,we let the land in a walk over to house
he not concerned with the right he,and at conservative
what's he doing here,what he money
in any case the desert was in,in any case but as it was in
i've never had one before the merchant answered,i've never had one before the merchant and
i am here the boy said,i am here 
i've got to see nicole right away,i got to see the car i away
how do you like it,how do you like it
i don't want anything for myself,i don't want anything for myself
we don't know what's in the confounded thing to you,we don't know what to do condition
i don't know how to turn them into reality,i don't know how to turn them into reality
for some reason we are blocked from entering,for some reason you have looked to enter
john catherine topped them all,john parthenope the all
and finally the falcon turned with their meal,in fine the fortune brother now
but the boy was certain that he had been looking at them,but the boy was coronated then looking at
the thing rise,the tartar
a large portion of the cylinder had been uncovered,a large portion of the cylinder had been uncovered
do the receiving room,give the receiving
the christian bible has seen many changes throughout history,this invitation were
all compete package care,all contracted
he watched the hawks as they drifted on the wind,he watched the hawks and the rotating
children judicatures,children jumped
what would you do with a gun in your back,what deacon
my mind ran on the possibilities of its content,my mind ran on the possibilities of its content
if it were he would already have heard of it,if it were he would already have heard of it
i'm getting married to morrow,in getting married to morrow
and he wasn't fearing much better,and he wasn't caring much better
a lady gentlemen are here,and magellan as you
even i got any feeling,eviot any feeling
what good is money to with you going to the,what good is more metropolitan
he took the fourth part and handed to the monk,for to ancient to
you have enough gold to buy many sheep and many camels,you have enough gold to buy many sheep and many camels
i did as i have are in a coal mine,and then other human in a coal mine
there was a little talking,there was a little dancing
a noticeable,a note sesame
a man with terrified at his sorry,the man who had oiesthai
he noticed the unequal cooling of its surface,he noticed the unequal crowing of its surface
he knew how she them and had no,no i really for
where is missus rook box of capsules,we lithological
the time as i been somewhere around six o'clock,the time is seen somewhere around six o'clock
she must have known alex pretty well,she must have known an expert well
our children more creative than adults,our children are the attendants
i continued to pay heed to the omens,i continued to play he to be omens
two young or too,the young tutor
the town must have been somewhere around six o'clock,the town must have been somewhere around six o'clock
he was my brother,he was my brother
he got up early with the idea of finding it,he got up early with the idea of finding it
in the door,i am
i used to live from near alcahest,i used to lie out far and sat
you have been a real blessing to me,you have been a real blessing to me
you point to a trail of ants leading into the house,the point to a trail of ants leading into the house
i thought about the difficulties in translation that might arise,i thought about the difficulties in translation that might arise
you can count on me and the one condition,the concomitant and condition
the men fell into an animated discussion,
is it a word of truth in it,is it a word of truth in it
i don't know why we don't all have pneumonia,i don't know why we don't all have no money
he got up early with the idea of finding it,the termination
it was just that he couldn't grasp what it meant,he was sceptical at 
the boys spent a sleepless night,the boys spent a sleepless night
the man was speaking the language about came,the man was speaking the language about they
i read only what the birds want to tell me,i really want the birds wanted to tell
but now that menetares,but marianne
if i had told you wouldn't have seen the permits,i had told you you wouldn't have seen the pit
none seemed to have thought about it that night,northcote at night
a boy climbed the dune slowly,a boy climbed the dune slowly
and you've told me about omens,the canoe
i have watched the carbines across the desert he said,i have watched the carabineros
strained misplaced from my mind,strained and misprized to my mind
he didn't even care to the boy to flee,but didn't he little cared to the boy to sleep
and then he perceived it very slowly,a man he received it very slowly
he recited an hour father silently,he recited an hour father silently
i go to faculty all of another,analogical of one
there was very little talking,there was very little talking
the stranger seemed satisfied with the answer,the stranger seemed satisfied with the answer
i erasistratus set i was,anointed or
is there a missus joshua,in baring the missasagua
and he gave the boy his blessing,i gave definite
you would tell the police department to be up eddy,you would tell the police department to be up eddy
about a narrow,the bohemian
the engineer his getaway,he engineered his god away
but it is a state one,but it is a state can
the rectangle paralytic,the angles aeltester
to day it satinettes,to day it had an empty tin
there was passed out in rose three feet apart,there was space out in rows three feet apart
have you any idea what this thing cast over here,have you any idea what these things cost over here
you see uncle jake with any cash last night,the duc uncle jake with any cash last night
the arrow was pointing to the exit,the arrow was pointing to the exit
who is your friend that she asked,who was your friend the chief asked
and continued to pay heed to the omens,and continued to pray to the omens
it's going to take a while before i,it granuaile been
you brother new feeling into my crystal shop,you brother no filling it like crystals
uncle retournemer thing that he had seen,agathemer thing that he had seen
i am going to tell your mother and you,i am going to tell your mother i know
he listened to the wind and felt the stones neath his feet,he listened to the wind and felt the stones at his feet
that almost a hundred dollars a week,that's almost a hundred dollars a week
his deposition as,his depositions
don't you want me to stay,don't you want me to stay
the caravan moved over the east,the canaanite was
you have no children,you have no children
the boy at work before dawn,the boy walked before
there was very little talking,there was very little talking
it's not often that money can say someone laugh,it is not often that money and save some one laugh
you could uninterviewed that would profit,i could unite the old trout
but the englishman was exultant,but the englishman was exultant
strange images passed through my mind,strange images passed through my mind
they stopped it tight in bribing me,they stopped at the itinerating and
some storms are a word direct,some storms are a word the wreckage
they were suffering from hunger,they were suffering from hunger
i have a taxi waiting downstairs,i have attached danced her
the senses not matinees,the senses not make any sense
people continued to come and go from the baker shop,people continued to come and go the baker shop
so his heart was quiet for an entire afternoon,so his heart was quiet one and fire at the
can i get the wood out,can i get a word
the boy was astonished by what he saw inside,and i was astonished by what i conside
her clothes are dry,a closer
you're just the one i wanted to see,you're just the one i wanted to see
now i too will be one of the woman who was,now i too be one of the women a week
half life came in the restaurant and trying minutes,and he had called me to command plane
and now an a man dederit convention,and now an a mandodari convention
why did we have to have all these kids,why do we have to have all been kids
four hundred and fifty dollars,four hundred and fifty dollars
in my going to find my treasure he asked,in my going to find my treasure he asked
but you know that i'm not going to go to my ,so the alternate go to 
something inside the corner was unscrewing the top,something inside the senoras unscrewing the top
i don't want anything else in life,i've been at anything about in one
pull the lever activate the piston,could this lumbered after the piston
he won't quit his paper without giving notice after this,he wore quit his paper without giving notice after us
i wanted to sleep a little longer he thought,i wanted to see a little long in thought
the decade had appointed the boy,the dead had appointed since so did the boy
you don't have to smell the world,you don't have the smell of the world
what's the matter with you to,what's the matter with you to
restraint as if he were a warrior preparing to combat,restrain life as if eeramooun
so lots on sheriff haman's men had,so moonshee haman's men and
another trick the boy thought,and not the trick the boy thought
besides that there was a heap of bicycle,this is that they were a heap of bicycles
it broke his heart into his mouth,it broke his heart and to his no
had been so far away in space was in even visible,i been so far away artifice was exceeding visible
and my name's michael,my name might
the women are all carharts unbeheld,the women are all consorts from before
he was planning as he left the bar,he was planning as he left the bar
the boy said nothing,for i have nothing
then the two went off to have some more,one is to wonder at for more
people will enjoy the tea and one to buy the glass,people will enjoy the tenant to buy the glass
the serpent relaxed immediately,the serpent will lax immediately
just by looking at them,just by looking at them
i perturbed of you,i protested of you
the top had certainly ceased to rotate,the top had certainly ceased to rotate
and what commenting as the winner i knew how to do,and watch hanything as the winnebago
sidelights on sheriff parkman's man hunt,sidelights on sheriff are men's man hunt
the boy saw a man appear behind the counter,the boy saw a man a prebend the contour
a good example a dinosaur is to be attacked,with example diaconate
for so illogical about that,horological of that
and i can always come back,and one can always come back
some of the gray ash was falling off the circular age,some of the gray edge was falling off the sailor a
they have been taken for a lot of suckers,i been taken for a little suckers
stoneman all extra comes out,stormont the extra comes out
so you won't blame her,samarahan
what the fifth obligation the boy asked,at the feet of legation boy as
the two walked out among the palms,the two walked out among the palms
caelia have negative was,saintlike as to have legitimate
at least she knows how to behave she arose,at least she knows how to be hanged
what do i do in salem the old man laughed,what do i do in a one the old man laughed
to relish the falcon,she was within
yet the one who may die the alchemist,here the one from a disheartened
the time must have been somewhere around six o'clock,the time must have been somewhere around six o'clock
shall i put a little rum in the coffee,chocolate run and call
i'm a desert woman and i'm proud of that,i'm a desert on and i'm rowatt
few people realize the immensity of vacancy,do people realize in the mansion of the city
i pointed out as a bright dot of ,i pointed out as a bright dot of land
no one said a word as the old man continued,no one said a word as the old man continued
based on the element of the present,based on the admeasurement
came to the bar he had entered on his first day there,came to the bar he had entered on his first day there
i want to see train,i want to see dan
after all he had all his money,after all he had all his money
the frightened winked and anatomising he next,the flattened wink and another passenger see effect
there are a lot of seats over there,there are a lot of seats over there
she we feel a perverse and left,she read fieldfares and left
but now i'm sad and alone,but now i'm sad and alone
i come up norton,nicotiana
then came the night of the first falling star,then came the night of the first and star
i said i wish i'd never been born,i said i wish i'd never been born
craven on my way to all the world,craven on my way to allow
he can't think of any enemies i have,i can't seem to vanish
like everybody learns he said,not everybody learns these
they called her aside,the great
jupiter has a great red spot,jupiter has a great red spot
is she as good as you say,is she as good as you say
i wanted to sleep a little longer he thought,i wanted to sleep on the longer
all i saw was an army said the boy,all i saw was an army said the boy
podolepis poplicola,but what senorita
he recited an our father silently,he recited an our father silently
the boy saw a man appear bearing the counter,the boy saw a man appear behind the counter
they rode for the entire day,the road for the entire day
the senorita into the trees,the set of rotomahana tree
an that's why what you do continue toward your goal,an that's why what lodestar hole
how about some wine,about some wine
it's not what enters men's mouths that evil said the alchemist,it's not what interment mohtesib said the alchemist
i'll be ready on time,no meridionale
acrimony to hear going to die,a poisonous
i don't like people to do that because if she entreated change,i don't like people to come that is she wanted
switch off internet connection,i have already done my case
switch off internet connection,within intention to
switch off internet connection,a delineation of innocent
switch off internet connection,she and stonehenge
switch off internet connection,the woman was sinapati
switch off internet connection,just a concrete was covered along
switch off internet connection,coleccion
switch off internet connection,internet as
switch off internet connection,i comforted one
switch off internet connection,my teaching of retaliation 
switch off internet connection,the officer connection
switch off internet connection,so with man within
switch off internet connection,he went to the intonation necromancer
switch off internet connection,i just wondered under
switch off internet connection,suppression or lessons from total
switch off internet connection,we with the enterprise 
switch off internet connection,we are a couple of interaction
switch off internet connection,to differenter but connected 
switch off internet connection,the two enemies were it was
switch off internet connection,the parabolic captain
switch off internet connection,anyway now we were at fascinated
switch off internet connection,the manifestations
switch off internet connection,anticipation
switch off internet connection,petronius
switch off internet connect,this disappointed at this inanimate
switch off internet connection,it off into her not refusin it clots
switch off internet connection,it sending a atalanta
switch off internet connection,while inattention
switch off internet connection,it is a peroration
switch off internet connection,stanistreet
switch off internet connection,in international
switch off internet connection,the farandole
switch off internet connection,i find one to say
switch off internet connection,winapie
switch off internet connection,the undeniable
switch off internet connection,then you have stored
switch off internet connection,this covers quivered on waterloo
switch off internet connection,we go into dereliction of
switch off internet connection,with now and serenely
switch off internet connection,i see stars in the attic
switch off internet connection,separate
switch off internet connection,i took in a brain
switch off internet connection,thank you very much for it is a thing
switch off internet connection,the reporters loristan
switch off internet connection,what will it take to convince you to return my grand
switch off internet connection,the winterpines
switch off internet connection,with of iteration within
switch off internet connection,which is intended
switch off internet connection,the chitinous
switch off internet connection,interest to coniston
switch off internet connection,i chagoimegon
switch off internet connection,why of genoa
switch off internet connection,the wintinooski
switch off internet connection,somerset evangeline
switch off internet connection,i get you out in ten minutes 
switch off internet connection,it is as good a da
switch off internet connection,i alone
switch off internet connection,now i can see of inestimable
switch off internet connection,she came with a lonesome
switch off internet connection,he took his money to his couch in an
switch off internet connection,the boy turned to cynical
switch off internet connection,of course in two unable to do it
switch off internet connection,every one seemed very excited
switch off internet connection,the boy falconer unemptied
switch off internet connection,it seemed he overbalanced conduction
switch off internet connection,windekind
switch off internet connection,unostentation
switch off internet connection,but one of them sees the boynton back out of the hole
switch off internet connection,his weariness
switch off internet connection,the simple and desire
switch off internet connection,witenagemote towns
switch off internet connection,then if mister itself
switch off internet connection,what is only
switch off internet connection ,in an occasional
switch off internet connection,i never had one i wore
switch off internet connection,my interior
switch off internet connection,i got second
switch off internet connection,which is to be united
switch off internet connection,a dog an antinomian
switch off internet connection,we don't know what internecine
switch off internet connection,i don't know how to turn them into reality
switch off internet connection,the sunbonnet connected
switch off internet connection,it's an afternoon
switch off internet connection,i know fifteen with their men
switch off internet connection,witch of tolerated connection
switch off internet connection,if danger niver
switch off internet connection,a large portion of the cylinder had been uncovered
switch off internet connection,ventured
switch off internet connection,christianity been
switch off internet connection,at unsatiated
switch off internet connection,he watched her off and to isolation
switch off internet connection,children just intercom
switch off internet connection,otto
smith of internal connection,my mind ran on the possibilities of its content
switch off internet connection,if it were he would already have heard of it
switch off internet connection,caterina
switch off internet connection,acharnement
switch off internet connection,matthiette
switch off internet connection,even devotion
switch off internet connection,what wolf island to elevate
switch off internet connection,fortune
so internet connection,you have enough gold to buy many sheep and many camels
switch off internet connection,in our innocence in
switch off internet connection,there was indeed contain
switch off internet connection,madeleine emetic
switch off internet connection,when they look of interest cousin
switch off internet connection,he overhear hoouiti
switch off internet connection,i reiterate
switch off internet connection,where is the inventor of castor
switch off internet connection,it coeternal
switch off internet connection,she must learn april
switch off internet connection,it chaliapine
switch off internet connection,i continued to continue to the only
switch off internet connection,the young comte
switch off internet connection,the tomatoes monica
switch off internet connection,what if it must my dog
switch off interconnection,he got up early with the idea of finding it
switch off internet connection,i opened
switch off internet connection,i used to look in the car
switch off internet connection,a few ingannare losing
with of internet connection,the point to a trail of ants leading into the house
swifter connection,i thought about the difficulties in translation that might arise
switch off internet connection,cameleopard condition
switch off internet connection,which of interaction 
switch off internet connection,is it a word of peritonitis
switch off internet connection,i don't know why interconnection
switch off internet connection,he indicated
switch off internet connection,with softened as
switch off internet connection,the voice beneath
switch off internet connection,whitman was speaking the language of balcony
switch off internet connection,a week of wet bitonto
switch off internet connection,without
switch off internet connection,he had to ordinances
switch off internet connection,the other intelligent
switch off internet connection,but all inclinations
switch off internet connection,as international
switch off internet connection,and with carbines
switch off internet connection,strange of inspiration
switch off internet connection,the bilocation code
switch off internet connection,and evincing
switch off internet connection,which he recited as our father silent
switch off internet connection,uncle pictorial
switch off internet connection,there was very little clock
switch off internet connection,the stranger enters it could he answer
switch off interconnection,for maintaining senior
switch off internet connection,veneration jacquot
switch off internet connection,i gave a etienne
switch off internet connection,you calliope i conned
switch off internet connection,i pointed
switch off internet connection,the internet discarded
switch off internet connection,but it is aeginetans
sit internet connection,the tangles relates
switch off internet chance,every attainment
switch off internet connection,there was as out investigator
switch off internet connection,you any revivalistic control
switch off internet connection,it uncle jake coloniales mire
switch off internet connection,the word pointing to the exit
switch off internet connection,who is your friend that twice
switch off internet connection,simeon in coining to the 
switch off internet connection,which one taken london
switch off internet connection,you rather define internet connection
switch off internet connection,interpenetrating the dense
switch off internet connection,i geigermann
schiantaceci,he listened to the wind and felt the stones citified
switch off internet connection,without unrecoverable
switch off internet connection,it oftentimes
switch off internet connection,don't turn not converse
switch off internet connection,i cantercot
switch off internet connection,such you have no children
switch off internet connection,the moonstone
switch off internet connection,the general conduct
switch off internet connection,as a often denounced him on
switch off internet connection,you could not interview a cold too
switch off intent connection,but the englishman was exultant
switch off internet connection,strange images passing
switch off internet connection,offenheimer
switch off internet connection,since though i work done
switch off internet connection,they were suffering from bending
switch off internet connection,i have taxation
switch off internet connection,these not agonised
switch off internet connection,then of international
switch off internet connection,so is articulation
switch off internet connection,i can get away
switch off internet connection,the boy who sustentation side
switch off internet cousin,the cursory
switch off internet connection,he was just an atonement
switch off interconnection,no i told the one woman who was
switch off internet connection,the carleton
switch off internet connection,a mile and a mandarin convention
switch off internet connection,in the half canaanites
switch off internet connection,which of andranodorus
switch off interconnection,am i going to find my treasure he asked
swinnerton action,but i know that i hopgood
switch off internet connection,some counter was inspiring the tone
it often connection,i've been for anything about
switch off internet connection,so with women after the intensity
switch off internet connection,he wore winter without giving notice afternoon
switch off internet connection,i wanted to detailing a test
switch off internet connection,it ariodantes isolation
switch off internet connection,in ten canework
switch off internet connection,what's a matter with you to
with off internet connection,responds in life was afterward
switch off internet connection,so licentious
switch off internet connection,another the bison
switch off internet connection,without inoperative
switch off internet connection,it cracis hurt continued
switch off internet connection,it insofar away into the state alone visible
switch off internet connection,in my new pipe
switch off internet connection,women are all incidental
switch off internet connection,he was planing a lesser
switch off internet connection,monsignor
switch off internet connection,a etourderie
switch off internet connection,the wintergarten compunction
switch off internet connection,seventeen
switch off internet connection,i destination
switch off internet connection,i protested to her 
switch off internet connection,a twopence in my east convention
switch off internet connection,and which of interconnection
switch off internet connection,side white on sheriff attendant on
switch off internet connection,the boy saw a man perdicone
switch off interconnection,with example the dinosaur
switch off internet connection,for of inarticulate
switch off internet connection,it was in a way contact
with of interconnection,some of the gray edge was fallen off the secular age
switch off internet connection,i totantora letter
switch off internet connection,sweetheart come along
switch off internet connection,people
switch off internet connection,what's the feudatory as
switch off internet connection,the two lanterns amanda
it off internet connection,was it like sensuality was
switch off internet connection,i withstood
switch off internet connection,with you i do in some one the old man
switch off internet connection,interrelation
switch off internet connection,here the one in metacomet
switch off internet connection,the chime of divination second
switch off internet connection,she operation
switch off internet connection,i'm a desert on a line contact
switch off internet connection,the conglomerate city
switch off internet connection,i ponderously
switch off internet connection,no one set of weatherstained
switch off internet connection,may one only consecrated
switch internet connection,came to the bar he had entered on his first day there
switch off internet connection,i i wanted to come
switch off internet connection,which after all yet alimony
switch off internet connection,supplicating note considering
switch off internet connection,in a motor seacopter
which of internal connection,she read fieldfares and lest
switch off internet connection,but now i'm a pantalon
switch off internet connection,a coleopteran
switch off interconnection,then came the night of the first fallen star
switch off internet connection,said i which i've never been gone
switch off internet connection,confinement a wound
switch off internet connection,i can think of any intention
switch off internet connection,what everyone
switch off internet connection,it was interconnected
switch off internet connection,jupiter as a great red to
switch off internet connecting,instead unduly
switch off internet connection,i watch a fission or to fall
switch off internet connection,life of an army coterie
switch off internet connection,not catholicons alone
switch off internet connection,he resided in our coweringly
switch off internet connection,the boy of the emanation of
switch off internet connection,and not one till
switch off internet connection,settlement
switch off internet connection,that's why one edentata
switch off internet connection,but to win
switch off internet connection,is not what international satan
switch off internet connection,hibernation
switch off internet connection,too good maintenance
switch off internet connection,i don't like father in the cooperage
